gid,cluster,source_id,known_member,Gamma,ra,dec,pmra,pmdec,G,bp_rp,Y_index
-1,unclustered,3727827516082474880,BootesII,66.15209786529742,209.48408832966626,12.868766707468035,-2.6876627988400195,-0.2889766520894651,19.0072021484375,1.0331344604492188,3932
-1,unclustered,3727488183601761536,,65.2268717982083,210.52184957610353,12.008639841002582,-1.2776838203874867,-1.1311472917688805,18.04041862487793,0.8828887939453125,3338
-1,unclustered,3727826519650056832,BootesII,62.69845560370132,209.5394719025547,12.857189325545583,-2.7065120796900977,0.016623156976437677,19.986722946166992,0.8628349304199219,4422
0,cluster 0,1230774624435416832,BootesI,254.2376905820523,210.01257047557493,14.209999840149232,-0.4756451902605132,-1.3517583703397364,19.476036071777344,0.9173297882080078,2074
0,cluster 0,1230819704412148224,BootesI,249.08271459075252,209.872323335415,14.17873463692056,-0.2707502590307413,-1.421662210433619,19.5021915435791,0.25926780700683594,2012
0,cluster 0,1230829668736348032,BootesI,245.28676609357188,210.0016962941152,14.387382250706404,-0.3035922431795015,-1.1607479713761806,19.16242027282715,1.0396919250488281,1792
0,cluster 0,1230833585745987968,BootesI,244.2749970649877,210.0410481804865,14.473049493307462,-0.3768733334917382,-1.215146080386901,17.70720672607422,1.225088119506836,1727
0,cluster 0,1230823724501603200,BootesI,240.5074626484733,210.00638779694518,14.365059603216794,0.04247468480093891,-1.3584131937318684,19.350088119506836,1.0339851379394531,1850
0,cluster 0,1230831524161686016,BootesI,238.54328552222495,210.16484931969495,14.474405180362176,-0.3414677027439162,-1.3086067198748,19.651412963867188,0.13582992553710938,2080
0,cluster 0,1230823247760125184,BootesI,237.29163111010405,209.95334647486834,14.328578924492852,-0.3444823448729043,-1.1361418605476419,17.108470916748047,1.2574481964111328,956
0,cluster 0,1230834410380273664,BootesI,236.8234555143768,209.92576667870625,14.495078452313052,-0.30632533344776836,-1.4668969473977302,19.038597106933594,1.0676212310791016,2120
0,cluster 0,1230833723185498240,BootesI,236.7494425222335,209.9910328436071,14.467370552129465,0.11716493314006761,-1.4120141908478483,19.96461296081543,1.068166732788086,1306
0,cluster 0,1230826542000661632,BootesI,230.61433830520946,209.90506677944842,14.362645092145142,0.2203351507436505,-1.6289839474648244,19.866804122924805,0.8373966217041016,1305
0,cluster 0,1230830222787069056,BootesI,228.272527309044,210.04884665607668,14.417053479799495,-0.29386465012027174,-1.070174843452774,17.490297317504883,1.2451648712158203,1852
0,cluster 0,1230826335841709184,BootesI,222.06768927358996,209.89800716510604,14.33991683282659,-0.36710580030592255,-1.0546834544310066,17.6048583984375,1.155853271484375,2050
0,cluster 0,1230829153339697664,BootesI,219.95371897959595,210.10535115189435,14.39135415380326,0.3724511463338059,-1.568241008564326,20.373979568481445,1.0568294525146484,1791
0,cluster 0,1230772597210842624,BootesI,219.8974242178513,209.95568368226867,14.168160357021835,0.11714382471241057,-1.2769609471443868,19.43158721923828,0.5130882263183594,626
0,cluster 0,1230767168373195776,,219.22836033120552,210.07785579297519,14.066925251355118,-0.1772297182866854,-1.7304178706094187,20.626331329345703,0.37586021423339844,1532
0,cluster 0,1230773937240652800,BootesI,218.84066314502354,210.06138175849492,14.220532274939544,-0.2588986015933078,-1.0281377749271063,18.631032943725586,1.0699386596679688,1143
0,cluster 0,1230835170589374080,BootesI,218.2032450182885,210.04457190481665,14.49011780373166,-0.07434891667103387,-0.9897929593520371,19.11893653869629,1.0456523895263672,1478
0,cluster 0,1230775449069163648,BootesI,216.73792677103313,210.0269303167922,14.27514344284377,-0.6335081597925452,-1.5085363194595998,19.338808059692383,0.9483776092529297,1655
0,cluster 0,1230831597176581248,BootesI,216.10013202838886,210.15579203810356,14.482783868022699,-0.4966743310006949,-1.124613891531012,16.36550521850586,1.4744596481323242,1618
0,cluster 0,1230775345989954176,BootesI,215.30192003569113,210.08794402100378,14.291093301938114,-0.5007664610317522,-1.0771910526594661,18.069913864135742,1.139669418334961,1608
0,cluster 0,1230830493370084736,BootesI,215.02037098984272,210.02338139396437,14.438570355498262,0.29797763553652945,-1.1331165337050344,19.911540985107422,0.7144851684570312,1725
0,cluster 0,1230827538432572416,BootesI,214.7978217272277,209.85726173577152,14.39588793052653,-0.12807033670731863,-0.9984661999555466,19.437490463256836,0.66827392578125,1617
0,cluster 0,1230828947181261696,BootesI,214.00913602579843,210.07734067496114,14.380423302067209,-0.5933819197471442,-1.1421275257316403,18.896406173706055,1.1295814514160156,1968
0,cluster 0,1230828122548139008,BootesI,212.78437532001055,209.9140150911886,14.444006158088804,0.18908614701365503,-1.950357321218373,19.861026763916016,1.0452098846435547,635
0,cluster 0,1230830252851349120,BootesI,211.53339977928,210.0576626020984,14.435534112530343,-0.5366994161766143,-1.7806140899430654,20.04867172241211,1.000823974609375,1250
0,cluster 0,1230834826991993088,BootesI,211.31674951958462,209.95405532600086,14.501722187644425,-0.2865936596693468,-1.0042384410407634,17.488422393798828,1.185373306274414,2082
0,cluster 0,1230833413947850752,BootesI,211.17103716396548,209.97132347671715,14.4595458033875,0.3030404131251308,-1.1190212230095968,20.35527992248535,0.9534034729003906,1477
0,cluster 0,1230832417514898048,BootesI,210.41412571814442,210.13780319897927,14.499912891578266,-0.05773344024986171,-1.0226106921954081,19.1600341796875,1.012674331665039,1795
0,cluster 0,1230830497665159680,BootesI,206.7017763524198,210.02162706831666,14.440773501748271,0.3222189498244252,-1.0617701911561663,19.6461124420166,-0.06528091430664062,2053
0,cluster 0,1230826060963809792,BootesI,206.25790155579006,209.77952037307054,14.356994399231604,0.06595761980818104,-1.7225109368861724,20.360889434814453,0.8006763458251953,1675
0,cluster 0,1230776376781505664,,202.3838495223647,210.27719971464333,14.241639710554745,0.22644298779190253,-1.5265457006456131,19.463441848754883,0.62835693359375,1144
0,cluster 0,1230841144888992256,BootesI,200.6168173473206,209.79747778264334,14.488980887111405,-0.17179911035679257,-0.9684645153054933,19.69251823425293,0.10225868225097656,1544
0,cluster 0,1230827160475453056,BootesI,199.40597813614158,209.9187637804257,14.40405366192709,-0.20595313940365423,-1.993470257450256,20.320241928100586,1.15338134765625,1473
0,cluster 0,1230834620833562624,BootesI,199.36037533800248,209.96212706068988,14.500773005917123,-0.5394595157124966,-1.026404798498547,16.51174545288086,1.4348831176757812,1676
0,cluster 0,1230823174745775360,,199.21303837735155,209.95889739994226,14.3290052150539,-0.03511192697760773,-2.134846234267812,19.743860244750977,0.7692756652832031,2013
0,cluster 0,1230831047420766464,BootesI,195.397454604639,210.10763141099943,14.435445478479105,-0.37855589689643104,-0.9072042361226688,17.681875228881836,1.1917915344238281,1661
0,cluster 0,1230830012333739008,BootesI,195.25634140509283,210.0164889631156,14.407271029313463,-0.0057961896303001526,-0.8561984837949198,19.599576950073242,0.2064228057861328,2052
0,cluster 0,1230830184131867392,BootesI,192.72363634640573,210.06672170011825,14.424731883370178,-0.297955778882859,-0.8188165108151405,19.15203094482422,1.0687332153320312,1380
0,cluster 0,1230777270134712192,BootesI,190.65991298645997,210.19585086396404,14.265979575763275,-0.6121731794170298,-1.0389366494852208,20.64447784423828,0.6187763214111328,2046
0,cluster 0,1230833482666763136,BootesI,190.59193795973155,210.0235397444565,14.45129691927707,-0.3071590920322174,-0.8272453038565342,19.37605094909668,0.6617641448974609,1796
0,cluster 0,1230841110529259904,BootesI,185.87463139306945,209.75970767734032,14.506439823152121,-0.4312726731491292,-0.9918387460550302,17.643672943115234,1.162252426147461,1969
0,cluster 0,1230827297914411776,BootesI,184.35244217699582,209.9430725166158,14.419950313482127,0.6285384586233785,-2.0327166379549464,19.88627052307129,0.8499832153320312,634
0,cluster 0,1230673194490322944,,183.87277755866947,210.00263831484824,14.005222879875868,-0.24483349641984098,-1.932944388802216,20.733924865722656,0.25861549377441406,1878
0,cluster 0,1230823312184726272,BootesI,180.41743874301204,209.91088362101857,14.321077841315468,-0.721448431512823,-1.107279437813411,18.46048355102539,1.0054092407226562,1615
0,cluster 0,1230672855185390592,,178.22596888700846,209.95797842737724,13.989036899607004,-0.3926699470106122,-1.2187982671599569,20.804641723632812,0.705169677734375,608
0,cluster 0,1230777927264712704,,178.22452794399916,210.32704634102691,14.256946218374347,-0.4585874038264034,-1.1761800224021386,17.849756240844727,1.2280158996582031,1962
0,cluster 0,1230661065502765696,BootesI,178.219846804842,210.08095961020288,13.993952173097632,-0.2719312657696438,-1.2070541296948285,18.123807907104492,1.1297969818115234,1874
0,cluster 0,1230843309552514560,BootesI,177.26039996662684,209.57916001105625,14.502159634737504,-0.13572845393022986,-1.4311810718391642,19.400516510009766,0.9950504302978516,2056
0,cluster 0,1230819841851105536,BootesI,176.2306150813053,209.90329889870128,14.194647353098775,-0.5056105223240581,-0.9021498589137561,19.079345703125,1.115591049194336,1720
0,cluster 0,1230780671748820480,,174.83135610806272,210.19064044703305,14.290233173167124,0.05747842418840288,-2.1846704230036456,19.396928787231445,0.7338142395019531,1297
0,cluster 0,1230822491846143104,,169.89045335936413,210.03350395913813,14.30646698236038,-0.8202215343361094,-1.0220784568977406,20.38409423828125,0.4727630615234375,1788
0,cluster 0,1230829118979954432,BootesI,166.19247891751405,210.08941277384847,14.382809691196757,-0.810627035216291,-0.989423016467021,19.859891891479492,1.0050468444824219,1249
0,cluster 0,1230820151088760832,BootesI,164.43163532570202,209.898240379906,14.227679142434758,-0.13999850921097873,-0.7269830682238715,19.457128524780273,1.0449466705322266,1721
0,cluster 0,1230767271451373696,BootesI,163.8987558472807,210.02437100485753,14.059140021536997,-0.3823880383837225,-0.8790555635740778,18.31717300415039,1.1293983459472656,1374
0,cluster 0,1230834547819224448,BootesI,162.13055727266763,209.96095954000526,14.486425664828557,-0.5321354997193232,-0.7448087942992668,18.5450439453125,1.0897083282470703,2017
0,cluster 0,1230672610372099968,BootesI,160.88659711666918,209.99684475431678,13.991471188038819,-0.5741765016480325,-1.4961409397055854,19.286497116088867,0.9573822021484375,1454
0,cluster 0,1230769470474643456,BootesI,160.85723441683112,210.1189330909322,14.129331206588725,-0.4339288567277636,-0.8335185441182671,19.310022354125977,0.9253292083740234,2044
0,cluster 0,1230756791731180288,,159.7444961201165,210.27146229034906,14.097293869113164,0.31444036164593936,-1.9356111054448104,20.7764835357666,0.8276405334472656,1782
0,cluster 0,1230822212673084288,,158.8115836409911,209.96293318222226,14.280033828295206,-0.9111582409525125,-1.619450996582184,20.34408187866211,0.3987140655517578,1674
0,cluster 0,1230829393857871616,BootesI,158.3471477215217,210.064973713278,14.403547350236355,-0.6665213793386673,-0.8428297377931723,19.632610321044922,0.2029895782470703,1541
0,cluster 0,1230656701813170560,,156.78489348894496,210.12114241668712,13.884077302369002,-0.027143281236215372,-1.3878365027743913,20.238861083984375,0.6757106781005859,1760
0,cluster 0,1230764041635416576,BootesI,156.58819988969285,210.28072767200348,14.179809690114592,-0.7914431098104551,-1.3280019411115955,19.208093643188477,0.8891716003417969,1373
0,cluster 0,1230763423160123648,BootesI,156.5540086991703,210.32678754418654,14.16674061475166,-0.1510103976607979,-1.0267045548683549,18.194734573364258,1.0843982696533203,1466
0,cluster 0,1230744529599617280,BootesI,155.53779735447284,209.64088704788296,14.352353581136557,-0.35766584853303385,-0.9971841220505223,17.34929656982422,1.221120834350586,1237
0,cluster 0,1230728311803309952,,153.53310447688298,209.6641309456493,14.175975156900705,0.3105292890259891,-1.1195911763983721,19.91036033630371,1.3985233306884766,941
0,cluster 0,1230751981367787008,BootesI,150.67250925969842,210.32660285330624,13.997956858136517,-0.2597864802090313,-1.1838874864856652,19.7208251953125,1.141103744506836,1140
0,cluster 0,1230728822904176384,,148.0617720220985,209.5576839600398,14.179421617754304,0.23283397212191098,-1.455989173033703,19.273706436157227,1.5877761840820312,1999
0,cluster 0,1230834135502357632,BootesI,147.74085285783138,209.94697069526805,14.465609739909302,0.5949286616798073,-0.8377588443227096,19.580751419067383,0.5425033569335938,1154
0,cluster 0,1230829771815569536,BootesI,146.8783214150891,210.0461798535867,14.405436417703637,-0.7332926082279474,-0.7871919379282786,19.368162155151367,0.6385784149169922,1904
0,cluster 0,1230678314088732928,BootesI,146.85035020754606,209.84955372958663,14.103239290729544,-0.40888947146419363,-0.847575276374901,20.19536590576172,0.7586612701416016,1642
0,cluster 0,1230758612796737280,,141.89729440632854,210.39807165180335,14.07870689870384,-0.4402591369708093,-1.5339026587378433,20.313636779785156,0.8148460388183594,1464
0,cluster 0,1230855163661700480,BootesI,141.6785305795185,210.2017258192039,14.506396771347383,-0.7263626972468495,-0.811681273136301,20.1657657623291,0.8817596435546875,1971
0,cluster 0,1230833860623898496,BootesI,140.60431933046496,210.01386476650717,14.480961448295627,-0.9685257127495834,-2.1879760754504325,20.248830795288086,0.6969203948974609,2119
0,cluster 0,1230828156907873792,,138.06473931076798,209.89486464477886,14.431741483374555,-0.985448065726731,-1.5990697651584551,19.61553955078125,0.11644744873046875,1153
0,cluster 0,1230717346751479808,BootesI,136.30913525090375,209.6707407233863,14.035340392156575,-0.1841649972577069,-1.2200456930032115,18.700416564941406,1.0793514251708984,1136
0,cluster 0,1230831592881161600,,135.78675013087755,210.16066336891586,14.471760430440195,1.0277278256026625,-1.5436663422480035,20.332378387451172,0.527069091796875,637
0,cluster 0,1230839495621857024,BootesI,135.12099051421407,209.78757016667214,14.406948392999904,-0.9381318443708877,-1.2510697525025327,20.065532684326172,0.9134407043457031,1382
0,cluster 0,1230731163661390336,,133.1407660550039,209.6610397177592,14.275266475081658,-0.6766390071036523,-1.3302137108353171,19.3902587890625,1.830270767211914,1838
0,cluster 0,1230655640956467584,,132.3316281535778,210.1781493748365,13.85874341296827,-0.30960732494965776,-1.7702557666586614,16.879457473754883,1.108102798461914,1942
0,cluster 0,1230802593261934464,,126.68509733339852,210.393162459404,14.383622412976818,-0.9931402338107951,-1.5118054248583759,20.93192481994629,1.2434806823730469,2078
0,cluster 0,1230832250011670912,BootesI,126.27661104708318,210.11074978235493,14.496895880287166,1.089448840632773,-1.1757813666282173,20.70368194580078,0.8304653167724609,1475
0,cluster 0,1230776136263331456,,125.51645997733024,210.24000624160618,14.216865043632845,-0.5253537471072005,-0.6950132677133064,20.176082611083984,0.6603889465332031,1535
0,cluster 0,1230731468604067200,,122.3600845467189,209.68329784233848,14.27127003828297,1.0317219360111547,-1.5476870181736695,20.6165714263916,1.0329341888427734,2102
0,cluster 0,1230830012333737856,,121.65235367226806,210.01533195199409,14.404708755082229,1.113470522897442,-1.1990619469568606,19.487855911254883,0.6388263702392578,1474
0,cluster 0,1230833517027065728,BootesI,121.4443839360054,209.9986921301134,14.459412323535567,-0.7227398314320148,-0.5316825098322662,19.410736083984375,0.6018848419189453,2081
0,cluster 0,1230742910396948096,,121.29783767387949,209.65429651654347,14.284221197060578,-0.8057739196735852,-1.5159141621513792,19.84691047668457,1.686941146850586,2005
0,cluster 0,1230666356899621504,,119.97849996136307,209.6789526302793,13.837799346013615,0.17605679711844816,-1.6689454881724943,20.15298843383789,0.4457225799560547,1452
0,cluster 0,1230724184339700480,,119.41782207718566,209.67683455367913,14.080858139355561,0.5552527351736047,-0.9789929850836756,20.33810043334961,1.5172195434570312,1774
0,cluster 0,1230825339409289600,BootesI,119.39915921416588,209.77647826059112,14.316649339698262,-0.9687255149165515,-1.128314319103684,19.388978958129883,0.5201454162597656,1789
0,cluster 0,1230724631016060160,BootesI,119.33258910396239,209.72175837589103,14.116064885126121,-0.6783167477579728,-1.2051551626268062,18.49028968811035,0.9895744323730469,1233
0,cluster 0,1230672438573388544,,118.34492267189304,209.95361570699976,13.959433322587582,0.6624085430861298,-0.9709282285643829,20.197431564331055,0.5950736999511719,607
0,cluster 0,1230751534691179776,BootesI,117.98805062272746,210.31905581896336,13.947357038277902,-0.6040988596349941,-1.268549773332789,20.080493927001953,1.0025825500488281,1529
0,cluster 0,1230833246443449600,,114.0644822182606,209.9362586315248,14.433851094266346,0.7038252014846804,-0.6328005471059526,20.145654678344727,0.6850795745849609,1620
0,cluster 0,1230752810296524672,,112.44843974907508,210.3133652046682,14.01850619212393,-0.840629432956916,-1.2054566674761127,20.03400993347168,0.8032302856445312,887
0,cluster 0,1229998300506922496,,112.2521143809015,210.35767171175382,13.885671143115923,-0.3043266208589349,-1.2472088268375738,19.829591751098633,0.7505531311035156,1207
0,cluster 0,1230659588031211136,BootesI,110.06424541245661,210.05592075467644,13.913233799842994,-0.45345110031974034,-0.7807281308500746,19.01080894470215,0.9759101867675781,1825
0,cluster 0,1230779537877477248,,109.90783167390939,210.27740009459512,14.35026764498736,-1.1892198178136435,-1.345776486403519,17.685548782348633,0.9060325622558594,1609
0,cluster 0,1230838980225456384,BootesI,107.90849630747115,209.72048266619885,14.41813167140446,-0.26141889973989385,-0.52110848011124,20.2266788482666,0.9181232452392578,2018
0,cluster 0,1230772047455028224,BootesI,107.80661882495374,210.04614301221417,14.167517143750821,-1.2213399396546345,-1.8034078397164937,20.531801223754883,0.9771080017089844,1533
0,cluster 0,1230724768455025664,,107.10404872603772,209.7347227499361,14.134941319715175,-0.2576656971386869,-2.467896601363062,19.810014724731445,0.8022708892822266,939
0,cluster 0,1230668281045015808,BootesI,107.00539148298434,209.69573613754253,13.905902411719373,-0.13866109007054558,-1.0817666998031459,19.716100692749023,0.19054412841796875,1520
0,cluster 0,1230677111497866496,,105.72304851155906,209.85276419893935,14.059374720108707,1.2103097787535462,-1.3564232034527874,20.23941421508789,0.7247161865234375,1363
0,cluster 0,1230832211356461312,BootesI,104.90072356607801,210.10625009066567,14.48813431581288,1.3614864080721838,-1.5998920944672037,20.569732666015625,0.6269168853759766,2117
0,cluster 0,1230764179074370304,BootesI,98.76087175961544,210.3255260736279,14.180457614337337,-0.5989136102598037,-0.5953284666697775,19.99226188659668,0.9948215484619141,2042
0,cluster 0,1230830321570823296,BootesI,98.17943040237327,210.0909987904337,14.431497624298368,-0.79051502758382,-0.3473632804261988,20.517133712768555,0.8606719970703125,1793
0,cluster 0,1230744112987799424,,96.00685993421122,209.5578656440485,14.317734082418655,0.749700976861142,-0.7773423948877493,20.602510452270508,1.7517261505126953,1235
0,cluster 0,1230006581203759360,,94.77674204451188,210.50028150036627,14.013539666418293,-0.38620067952865234,-1.8694622016798508,20.49368667602539,0.7882633209228516,585
0,cluster 0,1230668177965796480,,92.97983509877648,209.72323721154223,13.897491876400556,-0.6366367126217121,-1.9295429599741718,19.364831924438477,0.8708419799804688,1565
0,cluster 0,1230747067925311616,,92.85286877681082,209.43217248273578,14.381961684741091,-0.5852078073802512,-1.7026422847808325,18.667316436767578,0.8622875213623047,1892
0,cluster 0,1230805651278706304,,92.55862040899768,210.47713467034018,14.494746087649094,-0.759482592679305,-0.6505674561392669,19.13405990600586,1.16619873046875,1612
0,cluster 0,1230668693361894144,BootesI,92.39085796838457,209.7916415538523,13.936846362665205,0.08416295293960066,-0.596183243397858,19.517518997192383,0.4436454772949219,606
0,cluster 0,1230657457727381248,,90.7055703989979,209.95957008536777,13.835443259095694,0.9671354258309451,-1.157034947747961,18.481340408325195,1.9169387817382812,1270
0,cluster 0,1229903295830364288,,90.23504926630648,210.29792262363856,13.767795108968532,0.8165613854124056,-1.9880203876851978,20.73480796813965,1.3280696868896484,529
0,cluster 0,1230829187699435008,,88.79024969296783,210.13408100715142,14.390908010780398,0.38795666065042045,-0.20629021760469035,20.35875701904297,1.022787094116211,1903
0,cluster 0,1230779473453197312,,88.27964394484093,210.28910900252978,14.347797418824308,0.21233139577457555,-0.4143831044174845,20.424041748046875,0.9089851379394531,629
0,cluster 0,1230036371096529920,,88.09853093125659,210.75747037046037,14.26645221755607,0.6011618361123571,-1.675304987308864,17.49236297607422,0.8383903503417969,426
0,cluster 0,1230936768041029120,,88.047414186397,209.43781725023334,14.465723242667773,1.1752551987108426,-1.984519361494086,19.71340560913086,0.47104454040527344,1437
0,cluster 0,1230007307053069312,,87.78511965959981,210.4793345179479,14.002196663616417,-0.8109970348524649,-1.3512750033961025,15.650983810424805,0.8618316650390625,791
0,cluster 0,1230754425203983872,,87.29849810294183,210.2090986414063,14.007423222049725,-1.1952823783342765,-1.226320615154993,20.60655975341797,0.8544750213623047,1372
0,cluster 0,1230002118732301696,,86.94140280496433,210.60371595064208,13.919481216539575,0.08833014850764576,-1.7869447776575176,20.8934383392334,0.6588592529296875,829
0,cluster 0,1230646496970756736,,86.69804279596599,209.97830809444005,13.69773452166814,0.3318904922376768,-1.0729890830800497,20.2332763671875,0.5242786407470703,1939
0,cluster 0,1230005928369944448,,86.05096692522146,210.67892905259194,14.059470791955993,0.3562169965434293,-1.3906778074593023,19.012868881225586,0.6764030456542969,1209
0,cluster 0,1230789197259464448,BootesI,85.6023937128056,210.47067751698523,14.278334354132276,-0.7040531194803611,-0.7251047129757678,20.044158935546875,1.0366840362548828,953
0,cluster 0,1230651925809484928,BootesI,85.23229840923698,209.85707851877686,13.802595414589444,-0.5892590511074393,-1.2008762806112152,19.723094940185547,0.11902618408203125,1269
0,cluster 0,1230724424857621376,,84.06143282887912,209.6444891165245,14.099475790774367,-0.6258315985668205,-0.8253331027343368,20.459991455078125,0.6493110656738281,938
0,cluster 0,1230784142082458752,,83.70013507439397,210.26810748127744,14.435718574323179,-1.3491597458218756,-0.8034762248839894,19.13090705871582,1.0469551086425781,1299
0,cluster 0,1230769882791510528,BootesI,83.0512547799989,210.20489155936224,14.16426688696359,-0.005858282254472602,-2.6751158681658196,20.771373748779297,1.0128364562988281,2109
0,cluster 0,1230735694851859840,,82.1387220539236,209.44212376784756,14.204500639488273,-0.5888901622318996,-1.603501900315141,20.14954376220703,0.6495590209960938,2038
0,cluster 0,1230673057051405440,,81.67323633992791,210.0316397839644,14.002704417526745,-1.1133885035495557,-0.723361486000035,19.62876319885254,0.07850074768066406,609
0,cluster 0,1230790979670361728,,80.85031933223746,210.48956462868853,14.372558836349992,-0.8285551661729997,-2.3198740311677355,19.659622192382812,0.7053394317626953,1964
0,cluster 0,1230791941745761280,,79.81801955503789,210.61351482673234,14.38743235251167,-0.8255311906601209,-2.045710694822235,19.81966781616211,0.5603122711181641,2049
0,cluster 0,1230784897996614528,,79.70111237851299,210.55649097601744,14.214957799140711,-0.15972978254732162,-2.2492923162836527,20.68473243713379,0.3054847717285156,1898
0,cluster 0,1229900482626590976,,78.00026575558624,210.32664421839462,13.779719088643544,-0.47210158198083474,-1.1238577786204837,20.06328010559082,0.5482597351074219,327
0,cluster 0,1230651341693932544,BootesI,77.30010220365068,209.9256540663149,13.803149377288037,-0.4601624622032869,-0.8076486500632384,19.52489471435547,0.2216053009033203,1940
0,cluster 0,1229997578952405888,,77.11413197045502,210.31226419659723,13.826172017331972,-0.7651877547046853,-1.75868847811022,20.205368041992188,1.873037338256836,423
0,cluster 0,1230745590456548096,BootesI,75.92488630711935,209.4818846299304,14.313678737637852,-0.49172070974414384,-0.8234982477314263,19.694599151611328,0.11621284484863281,1605
0,cluster 0,1230724081260221440,,75.87206074115221,209.67423495384753,14.068396471599184,-1.0070934423407956,-1.2420029744405772,20.764068603515625,-0.07210922241210938,1232
0,cluster 0,1230803898932017280,,75.74246922843521,210.44131630268112,14.42913629057911,-1.5534990731916478,-1.6909776911210708,17.866756439208984,1.0262012481689453,1848
0,cluster 0,1230840114096832640,,74.53168110853221,209.8276154920586,14.459823630810295,-0.046530682482788945,0.04039889906464055,18.47721290588379,0.5299396514892578,1308
0,cluster 0,1230773941535590912,,73.0138468316724,210.06174579445948,14.219522932527036,0.35751926862505573,-0.01947238834837939,19.34174156188965,0.6021308898925781,1897
0,cluster 0,1230767752487716608,,73.00650879812738,210.0783172996748,14.083481024020346,-1.3402645859206486,-1.3313620162033493,20.414016723632812,0.7221870422363281,1606
0,cluster 0,1230833276508895616,BootesI,71.01272246246617,209.947544466265,14.449970052204394,-0.6646212258237281,-0.05045351893948516,19.96650505065918,0.8746490478515625,1476
0,cluster 0,1230820357247192960,,70.27482995004374,209.9234618706344,14.232821361164467,0.03634404838698853,-0.022686912852652563,18.422870635986328,0.3928546905517578,1787
0,cluster 0,1230757311422215424,,70.26937052361113,210.16619810642652,14.079398624812974,1.1917237953871413,-0.9510470312104613,19.68077850341797,1.4278087615966797,1957
0,cluster 0,1230723256626492928,,69.73944377772061,209.69290989842506,14.056787488602154,0.13696797401608563,-0.3038473920281852,19.95042610168457,0.7139244079589844,1231
0,cluster 0,1230744456585187456,BootesI,69.16860349175077,209.612193072013,14.339577343441688,1.1971549926334764,-2.45680796839752,20.636280059814453,1.1792068481445312,1236
0,cluster 0,1230762770325089152,,68.38367290237049,210.33653455286108,14.137794182329456,0.5759751014628711,-2.6291321748748713,20.690919876098633,0.8937187194824219,1842
0,cluster 0,1230034893627766912,,67.22428139521007,210.77489655802225,14.218060552535656,0.931377371391079,-1.5463578816554417,20.655860900878906,0.9878005981445312,1345
0,cluster 0,1230783729765579520,BootesI,66.53066856326734,210.18768107228414,14.402726578913029,-1.310181538552892,-0.042379242487255026,20.737728118896484,0.7366161346435547,1712
0,cluster 0,1230649834160653440,BootesI,66.0729645715941,209.80283669851016,13.715469925826486,-0.30979397970933104,-1.1866939194017163,17.864269256591797,1.0810585021972656,1742
0,cluster 0,1230782698973416576,,65.95037683952184,210.20998349801303,14.37696280350145,-1.0520098564622322,0.01662307513453079,19.965299606323242,0.5428524017333984,889
0,cluster 0,1230784039003230848,,65.85596135441787,210.224993521524,14.413091561273006,-1.8354351737167849,-0.814373803617044,20.657575607299805,0.6970958709716797,1298
0,cluster 0,1230777201415813760,BootesI,65.7300242715337,210.16811143681886,14.256873389876473,-1.7245798330339808,-0.7134629179789991,20.548498153686523,0.8016948699951172,1241
0,cluster 0,1230725146412129152,,63.714448387248424,209.7913968574519,14.103710871396114,0.30102392142701234,-2.9722315185539676,19.44843292236328,1.4812202453613281,614
0,cluster 0,1230624717191928576,,63.08174580785348,209.78607689144837,13.62482945311201,-0.14074351319090941,-2.251489374595629,20.067129135131836,0.7121009826660156,1934
0,cluster 0,1230745624816287104,,63.008545887321844,209.50338588293315,14.315293104264052,0.16385910803153497,-0.29354877815231517,17.594032287597656,0.8925571441650391,2006
0,cluster 0,1229999159500402304,,62.29345468724869,210.34027379551264,13.909829022425745,1.0172449140260182,-2.2718459824098707,19.751667022705078,2.065183639526367,1429
